128166410318061256,wdev,3,Write,3156835840,4096,933
128166410318061327,wdev,3,Write,3154148864,4096,862
128166410318061390,wdev,3,Write,3154144768,4096,798
128166410368088175,wdev,3,Write,3221261824,4096,834
128166410397311934,wdev,3,Write,3221282304,8192,2743
128166410418100044,wdev,3,Write,3156839936,4096,805
128166410418100084,wdev,3,Write,3154152960,4096,765
128166410418100086,wdev,3,Write,3154140672,4096,763
128166410468111859,wdev,3,Write,36417482240,4096,829
128166410518123696,wdev,3,Write,3154148864,4096,833
128166410518123735,wdev,3,Write,3154144768,4096,794
128166411848907495,wdev,3,Write,3154152960,4096,838
128166411848907529,wdev,3,Write,3154140672,4096,804
128166411898919303,wdev,3,Write,3221282304,4096,871
128166411948931182,wdev,3,Write,3156844032,4096,832
128166411948931209,wdev,3,Write,3154148864,4096,804
128166411948931227,wdev,3,Write,3154144768,4096,787
128166554283938750,wdev,3,Write,3154152960,4096,2170
128166554283939979,wdev,3,Write,36417482240,4096,941
128166554307064982,wdev,3,Write,3156848128,4096,791
128166554307065008,wdev,3,Write,3154148864,4096,765
128166554307065020,wdev,3,Write,3154140672,4096,753
128166554353938511,wdev,3,Write,3221261824,4096,1962
128166554353939398,wdev,3,Write,3221282304,8192,1074
128166554357064618,wdev,3,Write,3154152960,4096,835
128166554357064656,wdev,3,Write,3154144768,4096,797
128166554407064298,wdev,3,Write,36417482240,4096,835
128166554457064017,wdev,3,Write,3154148864,4096,795
128166554457064032,wdev,3,Write,3154140672,4096,780
128166555807055087,wdev,3,Write,3156852224,4096,1086
128166555807055351,wdev,3,Write,3154152960,4096,821
128166555807055374,wdev,3,Write,3154144768,4096,798
128166555857054991,wdev,3,Write,3221282304,4096,861
128166555907054703,wdev,3,Write,3154148864,4096,830
128166555907054741,wdev,3,Write,3154140672,4096,792
128166698306143365,wdev,3,Write,3156856320,4096,807
128166698306143413,wdev,3,Write,3154152960,4096,759
128166698306143423,wdev,3,Write,3154144768,4096,749
128166698323015458,wdev,3,Write,36417482240,4096,3606
128166698356142971,wdev,3,Write,3221261824,4096,881
128166698363016159,wdev,3,Write,3221282304,8192,2650
128166698406142708,wdev,3,Write,3154148864,4096,824
128166698406142739,wdev,3,Write,3154140672,4096,794
128166699573166507,wdev,3,Write,3156860416,4096,806
128166699573166553,wdev,3,Write,3154144768,4096,761
128166699573166554,wdev,3,Write,3154152960,4096,760
128166699623166108,wdev,3,Write,3221282304,4096,885
128166699673165816,wdev,3,Write,3154148864,4096,857
128166699673165892,wdev,3,Write,3154140672,4096,782
128166843158941095,wdev,3,Write,3156864512,4096,837
128166843158941133,wdev,3,Write,3154152960,4096,800
128166843158941139,wdev,3,Write,3154144768,4096,793
128166843208940773,wdev,3,Write,3221261824,4096,839
128166843245032613,wdev,3,Write,3221282304,8192,2519
128166843258940383,wdev,3,Write,3156868608,4096,909
128166843258940493,wdev,3,Write,3154148864,4096,800
128166843258940535,wdev,3,Write,3154140672,4096,758
128166843305032826,wdev,3,Write,36417482240,4096,1922
128166843308940191,wdev,3,Write,3154152960,4096,782
128166843308940219,wdev,3,Write,3154144768,4096,753
128166844707681222,wdev,3,Write,3156872704,4096,799
128166844707681252,wdev,3,Write,3154148864,4096,769
128166844707681265,wdev,3,Write,3154140672,4096,755
128166844757680133,wdev,3,Write,3221282304,4096,1568
128166844807679585,wdev,3,Write,3154152960,4096,1795
128166844807680589,wdev,3,Write,3154144768,4096,791
128166986326149113,wdev,3,Write,3154148864,4096,1544
128166986326149790,wdev,3,Write,3156876800,4096,867
128166986326149843,wdev,3,Write,3154140672,4096,813
128166986376149503,wdev,3,Write,3221261824,4096,833
128166986398804310,wdev,3,Write,3221282304,8192,2132
128166986426149224,wdev,3,Write,3154152960,4096,793
128166986426149249,wdev,3,Write,3154144768,4096,767
128166986468803995,wdev,3,Write,36417482240,4096,1998
128166986476148897,wdev,3,Write,3156880896,4096,799
128166986476148924,wdev,3,Write,3154148864,4096,773
128166986476148950,wdev,3,Write,3154140672,4096,747
128166987658016339,wdev,3,Write,3154152960,4096,794
128166987658016383,wdev,3,Write,3154144768,4096,749
128166987708015890,wdev,3,Write,3221282304,4096,922
128166987758015683,wdev,3,Write,3154148864,4096,810
128166987758015736,wdev,3,Write,3154140672,4096,757
128167050938335374,wdev,3,Read,2742005248,65536,58011
128167130323362941,wdev,3,Write,3156884992,8192,1046
128167130323363194,wdev,3,Write,3154152960,4096,792
128167130323363223,wdev,3,Write,3154144768,4096,764
128167130357111251,wdev,3,Write,3221261824,4096,2520
128167130357112826,wdev,3,Write,3221282304,8192,944
128167130373362871,wdev,3,Write,3154148864,4096,796
128167130373362909,wdev,3,Write,3154140672,4096,758
128167130423362555,wdev,3,Write,36417482240,4096,792
128167130473362238,wdev,3,Write,3154152960,4096,789
128167130473362275,wdev,3,Write,3154144768,4096,752
128167131893664790,wdev,3,Write,3156893184,4096,1647
128167131893665624,wdev,3,Write,3154148864,4096,813
128167131893665686,wdev,3,Write,3154140672,4096,751
128167131943664308,wdev,3,Write,3221282304,4096,1808
128167131993664010,wdev,3,Write,3154152960,4096,1787
128167131993665007,wdev,3,Write,3154144768,4096,789
128167274289160547,wdev,3,Write,3156897280,4096,802
128167274289160572,wdev,3,Write,3154148864,4096,778
128167274289160596,wdev,3,Write,3154140672,4096,753
128167274305877239,wdev,3,Write,36417482240,4096,2754
128167274339160204,wdev,3,Write,3221261824,4096,825
128167274375876818,wdev,3,Write,3221282304,8192,2726
128167274389159910,wdev,3,Write,3154152960,4096,799
128167274389159956,wdev,3,Write,3154144768,4096,753
128167275586495889,wdev,3,Write,3156901376,4096,907
128167275586495993,wdev,3,Write,3154148864,4096,803
128167275586496037,wdev,3,Write,3154140672,4096,759
128167275636495641,wdev,3,Write,3221282304,4096,835
128167275686495359,wdev,3,Write,3154152960,4096,798
128167275686495396,wdev,3,Write,3154144768,4096,760
128167418308073950,wdev,3,Write,3156905472,4096,798
128167418308073969,wdev,3,Write,3154148864,4096,778
128167418308073995,wdev,3,Write,3154140672,4096,752
128167418358073631,wdev,3,Write,3221261824,4096,796
128167418358853274,wdev,3,Write,3221282304,8192,2398
128167418408073267,wdev,3,Write,3156909568,4096,841
128167418408073352,wdev,3,Write,3154152960,4096,755
128167418408073361,wdev,3,Write,3154144768,4096,746
128167418458072995,wdev,3,Write,36417482240,4096,792
128167418508072616,wdev,3,Write,3154148864,4096,852
128167418508072721,wdev,3,Write,3154140672,4096,747
128167419832751692,wdev,3,Write,3156913664,4096,798
128167419832751729,wdev,3,Write,3154152960,4096,761
128167419832751729,wdev,3,Write,3154144768,4096,761
128167419882751350,wdev,3,Write,3221282304,4096,820
128167419932751042,wdev,3,Write,3154148864,4096,808
128167419932751097,wdev,3,Write,3154140672,4096,753
128167562294025982,wdev,3,Write,3154152960,4096,2250
128167562294027291,wdev,3,Write,36417482240,4096,941
128167562310589708,wdev,3,Write,3156917760,4096,917
128167562310589748,wdev,3,Write,3154148864,4096,877
128167562310589828,wdev,3,Write,3154144768,4096,797
128167562360589515,wdev,3,Write,3221261824,4096,791
128167562364025054,wdev,3,Write,3221282304,8192,2729
128167562410589158,wdev,3,Write,3154152960,4096,828
128167562410589230,wdev,3,Write,3154140672,4096,755
128167563936828412,wdev,3,Write,3156921856,4096,1805
128167563936829358,wdev,3,Write,3154148864,4096,860
128167563936829470,wdev,3,Write,3154144768,4096,748
128167563986828094,wdev,3,Write,3221282304,4096,1803
128167564036827779,wdev,3,Write,3154152960,4096,1798
128167564036828790,wdev,3,Write,3154140672,4096,788
128167707128256730,wdev,3,Write,3154148864,4096,806
128167707128256735,wdev,3,Write,3156925952,4096,801
128167707128256766,wdev,3,Write,3154144768,4096,770
128167707178256383,wdev,3,Write,3221261824,4096,834
128167707195130105,wdev,3,Write,3221282304,8192,2003
128167707228256071,wdev,3,Write,3154152960,4096,826
128167707228256108,wdev,3,Write,3154140672,4096,788
128167707278255743,wdev,3,Write,36417482240,4096,833
128167707328255413,wdev,3,Write,3154148864,4096,844
128167707328255414,wdev,3,Write,3156930048,4096,843
128167707328255450,wdev,3,Write,3154144768,4096,807
128167708678246779,wdev,3,Write,3154152960,4096,837
128167708678246810,wdev,3,Write,3154140672,4096,807
128167708728246444,wdev,3,Write,3221282304,4096,853
128167708778246104,wdev,3,Write,3154148864,4096,873
128167708778246181,wdev,3,Write,3154144768,4096,795
128167850287956913,wdev,3,Write,3156934144,4096,2762
128167850287958212,wdev,3,Write,36417482240,4096,1464
128167850287958412,wdev,3,Write,3154152960,4096,1263
128167850290458830,wdev,3,Write,3154148864,4096,830
128167850290458870,wdev,3,Write,3156938240,4096,790
128167850290458871,wdev,3,Write,3154140672,4096,788
128167850340458435,wdev,3,Write,3221261824,4096,905
128167850390458192,wdev,3,Write,3154152960,4096,828
128167850390458225,wdev,3,Write,3154144768,4096,794
128167850417956789,wdev,3,Write,3221282304,8192,2055
128167850440457862,wdev,3,Write,3154148864,4096,837
128167850440457947,wdev,3,Write,3154140672,4096,753
128167851876386212,wdev,3,Write,3156942336,4096,797
128167851876386248,wdev,3,Write,3154152960,4096,761
128167851876386254,wdev,3,Write,3154144768,4096,755
128167851926385849,wdev,3,Write,3221282304,4096,840
128167851976385523,wdev,3,Write,3154148864,4096,847
128167851976385608,wdev,3,Write,3154140672,4096,762
128167994329224460,wdev,3,Write,3156946432,4096,845
128167994329224502,wdev,3,Write,3154144768,4096,804
128167994329224504,wdev,3,Write,3154152960,4096,801
128167994337817029,wdev,3,Write,3221261824,4096,1972
128167994337818008,wdev,3,Write,3221282304,8192,993
128167994379224084,wdev,3,Write,3156950528,4096,901
128167994379224177,wdev,3,Write,3154148864,4096,809
128167994379224216,wdev,3,Write,3154140672,4096,769
128167994429223826,wdev,3,Write,36417482240,4096,840
128167994479223557,wdev,3,Write,3154152960,4096,789
128167994479223592,wdev,3,Write,3154144768,4096,753
128167995829214797,wdev,3,Write,3154148864,4096,908
128167995829214813,wdev,3,Write,3156954624,4096,892
128167995829214880,wdev,3,Write,3154140672,4096,826
128167995879214535,wdev,3,Write,3221282304,4096,850
128167995929214225,wdev,3,Write,3154152960,4096,841
128167995929214270,wdev,3,Write,3154144768,4096,795
128168138310687010,wdev,3,Write,3154148864,4096,930
128168138310687071,wdev,3,Write,3156958720,4096,869
128168138310687133,wdev,3,Write,3154140672,4096,806
128168138325217151,wdev,3,Write,36417482240,4096,1946
128168138360686803,wdev,3,Write,3221261824,4096,817
128168138365216541,wdev,3,Write,3221282304,8192,2300
128168138410686465,wdev,3,Write,3154152960,4096,834
128168138410686499,wdev,3,Write,3154144768,4096,800
128168139681458637,wdev,3,Write,3154148864,4096,1780
128168139681459509,wdev,3,Write,3156962816,4096,908
128168139681459612,wdev,3,Write,3154140672,4096,804
128168139731459284,wdev,3,Write,3221282304,4096,813
128168139781458982,wdev,3,Write,3154152960,4096,795
128168139781459017,wdev,3,Write,3154144768,4096,760
128168282331484012,wdev,3,Write,3156966912,4096,938
128168282331484113,wdev,3,Write,3154148864,4096,838
128168282331484145,wdev,3,Write,3154140672,4096,805
128168282381483762,wdev,3,Write,3221261824,4096,869
128168282389295003,wdev,3,Write,3221282304,8192,2077
128168282431483492,wdev,3,Write,3154152960,4096,819
128168282431483519,wdev,3,Write,3154144768,4096,792
128168282481483161,wdev,3,Write,36417482240,4096,829
128168282531481981,wdev,3,Write,3156971008,4096,1689
128168282531482812,wdev,3,Write,3154148864,4096,858
128168282531482869,wdev,3,Write,3154140672,4096,801
128168283881474143,wdev,3,Write,3154152960,4096,887
128168283881474221,wdev,3,Write,3154144768,4096,809
128168283931473819,wdev,3,Write,3221282304,4096,892
128168283981473592,wdev,3,Write,3154148864,4096,798
128168283981473638,wdev,3,Write,3154140672,4096,752
128168426291926186,wdev,3,Write,3156975104,4096,1935
128168426291927232,wdev,3,Write,3154152960,4096,889
128168426291927310,wdev,3,Write,36417482240,4096,811
128168426310677167,wdev,3,Write,3154148864,4096,834
128168426310677211,wdev,3,Write,3154144768,4096,790
128168426341925994,wdev,3,Write,3221261824,4096,1806
128168426341926649,wdev,3,Write,3221282304,8192,1151
128168426360676884,wdev,3,Write,3156979200,4096,796
128168426360676920,wdev,3,Write,3154152960,4096,760
128168426360676925,wdev,3,Write,3154140672,4096,755
128168427840979900,wdev,3,Write,3154148864,4096,806
128168427840979945,wdev,3,Write,3154144768,4096,761
128168427890979555,wdev,3,Write,3221282304,4096,831
128168427940979265,wdev,3,Write,3154152960,4096,802
128168427940979308,wdev,3,Write,3154140672,4096,759
128168560032632554,wdev,3,Write,2761149952,8192,2121
128168570333192809,wdev,3,Write,3156983296,4096,942
128168570333192928,wdev,3,Write,3154148864,4096,822
128168570333192950,wdev,3,Write,3154144768,4096,800
128168570383192598,wdev,3,Write,3221261824,4096,832
128168570385222811,wdev,3,Write,3221282304,8192,1857
128168570433192311,wdev,3,Write,3154140672,4096,799
128168570433192315,wdev,3,Write,3156987392,4096,795
128168570433192351,wdev,3,Write,3154152960,4096,760
128168570483191964,wdev,3,Write,36417482240,4096,827
128168570533190642,wdev,3,Write,3154148864,4096,1829
128168570533191645,wdev,3,Write,3154144768,4096,826
128168571814120140,wdev,3,Write,3156991488,4096,1633
128168571814120984,wdev,3,Write,3154152960,4096,789
128168571814121012,wdev,3,Write,3154140672,4096,760
128168571864120621,wdev,3,Write,3221282304,4096,832
128168571914120333,wdev,3,Write,3154148864,4096,800
128168571914120370,wdev,3,Write,3154144768,4096,763
128168714294241812,wdev,3,Write,3156995584,4096,2511
128168714294242945,wdev,3,Write,3154152960,4096,1379
128168714294243411,wdev,3,Write,36417482240,4096,913
128168714334243440,wdev,3,Write,3154148864,4096,884
128168714334243503,wdev,3,Write,3154140672,4096,820
128168714374241820,wdev,3,Write,3221261824,4096,2504
128168714374243242,wdev,3,Write,3221282304,8192,1082
128168714384243512,wdev,3,Write,3154152960,4096,812
128168714384243537,wdev,3,Write,3154144768,4096,787
128168715869087157,wdev,3,Write,3156999680,4096,917
128168715869087261,wdev,3,Write,3154148864,4096,812
128168715869087303,wdev,3,Write,3154140672,4096,771
128168715919087255,wdev,3,Write,3221282304,4096,818
128168715969087286,wdev,3,Write,3154152960,4096,787
128168715969087316,wdev,3,Write,3154144768,4096,757
128168858310540153,wdev,3,Write,3154148864,4096,798
128168858310540157,wdev,3,Write,3157003776,4096,795
128168858310540197,wdev,3,Write,3154140672,4096,754
128168858351945038,wdev,3,Write,3221261824,4096,1899
128168858351945999,wdev,3,Write,3221282304,8192,938
128168858360539819,wdev,3,Write,3157007872,4096,813
128168858360539864,wdev,3,Write,3154152960,4096,767
128168858360539870,wdev,3,Write,3154144768,4096,762
128168858410539471,wdev,3,Write,36417482240,4096,840
128168858460539153,wdev,3,Write,3154148864,4096,838
128168858460539243,wdev,3,Write,3154140672,4096,749
128168859900529969,wdev,3,Write,3157011968,4096,806
128168859900530009,wdev,3,Write,3154152960,4096,767
128168859900530015,wdev,3,Write,3154144768,4096,760
128168859950529655,wdev,3,Write,3221282304,4096,801
128168860000529302,wdev,3,Write,3154148864,4096,834
128168860000529376,wdev,3,Write,3154140672,4096,760
128169002310555948,wdev,3,Write,3157016064,4096,898
128169002310556058,wdev,3,Write,3154152960,4096,787
128169002310556087,wdev,3,Write,3154144768,4096,758
128169002315085151,wdev,3,Write,36417482240,4096,2916
128169002355085340,wdev,3,Write,3221261824,4096,2470
128169002355086739,wdev,3,Write,3221282304,8192,1071
128169002360555651,wdev,3,Write,3154148864,4096,874
128169002360555721,wdev,3,Write,3154140672,4096,804
128169003682422268,wdev,3,Write,3157020160,4096,798
128169003682422301,wdev,3,Write,3154152960,4096,765
128169003682422302,wdev,3,Write,3154144768,4096,763
128169003732421889,wdev,3,Write,3221282304,4096,857
128169003782421552,wdev,3,Write,3154148864,4096,874
128169003782421634,wdev,3,Write,3154140672,4096,792
128169146287162342,wdev,3,Write,3157024256,4096,795
128169146287162371,wdev,3,Write,3154152960,4096,766
128169146287162385,wdev,3,Write,3154144768,4096,751
128169146335599658,wdev,3,Write,3221261824,4096,2218
128169146335600343,wdev,3,Write,3221282304,8192,1533
128169146337163565,wdev,3,Write,3154148864,4096,852
128169146337163654,wdev,3,Write,3154140672,4096,762
128169146387164864,wdev,3,Write,36417482240,4096,832
128169146437166138,wdev,3,Write,3157028352,4096,838
128169146437166172,wdev,3,Write,3154144768,4096,805
128169146437166173,wdev,3,Write,3154152960,4096,803
128169147637187902,wdev,3,Write,3154148864,4096,839
128169147637187981,wdev,3,Write,3154140672,4096,760
128169147687188246,wdev,3,Write,3221282304,4096,816
128169147737188587,wdev,3,Write,3154152960,4096,795
128169147737188629,wdev,3,Write,3154144768,4096,752
128169290332857793,wdev,3,Write,3157032448,4096,2172
128169290332859060,wdev,3,Write,3154148864,4096,905
128169290332859164,wdev,3,Write,36417482240,4096,800
128169290332859179,wdev,3,Write,3154152960,4096,786
128169290332859201,wdev,3,Write,3154140672,4096,764
128169290382858845,wdev,3,Write,3221261824,4096,800
128169290392856882,wdev,3,Write,3221282304,8192,2699
128169290432858467,wdev,3,Write,3157036544,4096,857
128169290432858502,wdev,3,Write,3154148864,4096,823
128169290432858530,wdev,3,Write,3154144768,4096,794
128169291832849365,wdev,3,Write,3154152960,4096,999
128169291832849498,wdev,3,Write,3154140672,4096,866
128169291882849220,wdev,3,Write,3221282304,4096,824
128169291932848875,wdev,3,Write,3154148864,4096,850
128169291932848970,wdev,3,Write,3154144768,4096,755
128169435110669333,wdev,3,Write,3157040640,4096,804
128169435110669381,wdev,3,Write,3154152960,4096,755
128169435110669381,wdev,3,Write,3154140672,4096,755
128169435160669244,wdev,3,Write,3221261824,4096,892
128169435210669336,wdev,3,Write,3157044736,4096,800
128169435210669376,wdev,3,Write,3154148864,4096,761
128169435210669383,wdev,3,Write,3154144768,4096,753
128169435215823856,wdev,3,Write,3221282304,8192,2531
128169435260669268,wdev,3,Write,36417482240,4096,869
128169435310669301,wdev,3,Write,3154152960,4096,836
128169435310669339,wdev,3,Write,3154140672,4096,797
128169436737699446,wdev,3,Write,3157048832,4096,1940
128169436737700506,wdev,3,Write,3154148864,4096,881
128169436737700591,wdev,3,Write,3154144768,4096,796
128169436787699698,wdev,3,Write,3221282304,4096,1689
128169436837699603,wdev,3,Write,3154152960,4096,1783
128169436837700549,wdev,3,Write,3154140672,4096,838
128169578298705601,wdev,3,Write,3157052928,4096,2135
128169578298706669,wdev,3,Write,3154148864,4096,1067
128169578298706907,wdev,3,Write,36417482240,4096,829
128169578310894439,wdev,3,Write,3154152960,4096,798
128169578310894470,wdev,3,Write,3154144768,4096,766
128169578358705756,wdev,3,Write,3221261824,4096,1981
128169578358706596,wdev,3,Write,3221282304,8192,1140
128169578360894412,wdev,3,Write,3154148864,4096,825
128169578360894434,wdev,3,Write,3154140672,4096,803
128169579883550167,wdev,3,Write,3157057024,4096,1320
128169579883550642,wdev,3,Write,3154152960,4096,845
128169579883550695,wdev,3,Write,3154144768,4096,792
128169579933550618,wdev,3,Write,3221282304,4096,868
128169579983550642,wdev,3,Write,3154148864,4096,844
128169579983550695,wdev,3,Write,3154140672,4096,792
128169722321320108,wdev,3,Write,3157061120,4096,829
128169722321320136,wdev,3,Write,3154152960,4096,800
128169722321320141,wdev,3,Write,3154144768,4096,795
128169722338193181,wdev,3,Write,3221261824,4096,2755
128169722338194845,wdev,3,Write,3221282304,8192,1092
128169722371320024,wdev,3,Write,3157065216,4096,913
128169722371320124,wdev,3,Write,3154140672,4096,812
128169722371320135,wdev,3,Write,3154148864,4096,802
128169722421320100,wdev,3,Write,36417482240,4096,836
128169722471320064,wdev,3,Write,3154152960,4096,872
128169722471320131,wdev,3,Write,3154144768,4096,805
128169723821320128,wdev,3,Write,3154140672,4096,809
128169723821320134,wdev,3,Write,3157069312,4096,802
128169723821320147,wdev,3,Write,3154148864,4096,789
128169723871320099,wdev,3,Write,3221282304,4096,837
128169723921320150,wdev,3,Write,3154152960,4096,787
128169723921320178,wdev,3,Write,3154144768,4096,758
128169866295150844,wdev,3,Write,3154148864,4096,2192
128169866295152147,wdev,3,Write,36417482240,4096,890
128169866310777253,wdev,3,Write,3157073408,4096,784
128169866310777276,wdev,3,Write,3154140672,4096,760
128169866310777279,wdev,3,Write,3154152960,4096,758
128169866355151206,wdev,3,Write,3221261824,4096,1831
128169866355151923,wdev,3,Write,3221282304,8192,1114
128169866360777176,wdev,3,Write,3154148864,4096,860
128169866360777226,wdev,3,Write,3154144768,4096,810
128169867721089707,wdev,3,Write,3157077504,4096,829
128169867721089731,wdev,3,Write,3154140672,4096,805
128169867721089732,wdev,3,Write,3154152960,4096,805
128169867771089683,wdev,3,Write,3221282304,4096,853
128169867821089700,wdev,3,Write,3154148864,4096,836
128169867821089746,wdev,3,Write,3154144768,4096,791
128170010310746685,wdev,3,Write,3154152960,4096,1552
128170010310747182,wdev,3,Write,3157081600,4096,1055
128170010310747440,wdev,3,Write,3154140672,4096,796
128170010360747411,wdev,3,Write,3221261824,4096,825
128170010378558746,wdev,3,Write,3221282304,8192,1990
128170010410747350,wdev,3,Write,3154148864,4096,886
128170010410747444,wdev,3,Write,3154144768,4096,793
128170010438557693,wdev,3,Write,36417482240,4096,3044
128170010460747411,wdev,3,Write,3157085696,4096,826
128170010460747441,wdev,3,Write,3154152960,4096,795
128170010460747446,wdev,3,Write,3154140672,4096,791
128170011914653675,wdev,3,Write,3154148864,4096,812
128170011914653728,wdev,3,Write,3154144768,4096,758
128170011964653651,wdev,3,Write,3221282304,4096,835
128170012014653687,wdev,3,Write,3154152960,4096,799
128170012014653733,wdev,3,Write,3154140672,4096,753
128170154310769909,wdev,3,Write,3157089792,4096,827
128170154310769931,wdev,3,Write,3154148864,4096,805
128170154310769942,wdev,3,Write,3154144768,4096,795
128170154359518389,wdev,3,Write,3221261824,4096,2347
128170154359519746,wdev,3,Write,3221282304,8192,990
128170154360769931,wdev,3,Write,3157093888,4096,805
128170154360769966,wdev,3,Write,3154152960,4096,770
128170154360769982,wdev,3,Write,3154140672,4096,755
128170154410769921,wdev,3,Write,36417482240,4096,816
128170154460769891,wdev,3,Write,3154148864,4096,846
128170154460769929,wdev,3,Write,3154144768,4096,808
128170155890926054,wdev,3,Write,3157097984,4096,933
128170155890926162,wdev,3,Write,3154152960,4096,824
128170155890926188,wdev,3,Write,3154140672,4096,799
128170155940925044,wdev,3,Write,3221282304,4096,1943
128170155990925214,wdev,3,Write,3154148864,4096,1773
128170155990926193,wdev,3,Write,3154144768,4096,793
128170298291636551,wdev,3,Write,3157102080,4096,835
128170298291636585,wdev,3,Write,3154152960,4096,801
128170298291636597,wdev,3,Write,3154140672,4096,789
128170298315228492,wdev,3,Write,36417482240,4096,2645
128170298341636552,wdev,3,Write,3221261824,4096,834
128170298391636592,wdev,3,Write,3157106176,4096,795
128170298391636623,wdev,3,Write,3154148864,4096,763
128170298391636636,wdev,3,Write,3154144768,4096,750
128170298435228592,wdev,3,Write,3221282304,8192,2545
128170298441636591,wdev,3,Write,3154152960,4096,795
128170298441636636,wdev,3,Write,3154140672,4096,750
128170299723355328,wdev,3,Write,3154148864,4096,809
128170299723355383,wdev,3,Write,3154144768,4096,754
128170299773355313,wdev,3,Write,3221282304,4096,824
128170299823355343,wdev,3,Write,3157110272,4096,794
128170299823355381,wdev,3,Write,3154152960,4096,756
128170299823355390,wdev,3,Write,3154140672,4096,747
128170312741790732,wdev,3,Write,2761149952,8192,2905
128170441336555454,wdev,3,Read,2741743104,65536,73333
128170442310690384,wdev,3,Write,3157114368,4096,902
128170442310690449,wdev,3,Write,3154148864,4096,838
128170442310690528,wdev,3,Write,3154144768,4096,758
128170442360690495,wdev,3,Write,3221261824,4096,791
128170442369751691,wdev,3,Write,3221282304,8192,2096
128170442410690507,wdev,3,Write,3154152960,4096,779
128170442410690532,wdev,3,Write,3154140672,4096,754
128170442460690494,wdev,3,Write,36417482240,4096,792
128170442510690488,wdev,3,Write,3154148864,4096,798
128170442510690535,wdev,3,Write,3154144768,4096,752
128170443833971073,wdev,3,Write,3157118464,4096,1463
128170443833971757,wdev,3,Write,3154152960,4096,780
128170443833971790,wdev,3,Write,3154140672,4096,747
128170443883971704,wdev,3,Write,3221282304,4096,832
128170443933971732,wdev,3,Write,3154148864,4096,804
128170443933971783,wdev,3,Write,3154144768,4096,753
128170586302417224,wdev,3,Write,3157122560,4096,2062
128170586302417758,wdev,3,Write,36417482240,4096,1528
128170586302418255,wdev,3,Write,3154152960,4096,1032
128170586322418466,wdev,3,Write,3154148864,4096,821
128170586322418527,wdev,3,Write,3154140672,4096,759
128170586372418401,wdev,3,Write,3221261824,4096,885
128170586382416864,wdev,3,Write,3221282304,8192,2422
128170586422417191,wdev,3,Write,3157126656,4096,2095
128170586422418438,wdev,3,Write,3154152960,4096,848
128170586422418482,wdev,3,Write,3154144768,4096,804
128170587824449688,wdev,3,Write,3154148864,4096,849
128170587824449743,wdev,3,Write,3154140672,4096,793
128170587874449693,wdev,3,Write,3221282304,4096,843
128170587924449712,wdev,3,Write,3154152960,4096,824
128170587924449743,wdev,3,Write,3154144768,4096,794
128170730310867117,wdev,3,Write,3157130752,4096,919
128170730310867200,wdev,3,Write,3154148864,4096,836
128170730310867242,wdev,3,Write,3154140672,4096,794
128170730356022339,wdev,3,Write,3221261824,4096,1947
128170730356023224,wdev,3,Write,3221282304,8192,1063
128170730360867186,wdev,3,Write,3157134848,4096,850
128170730360867230,wdev,3,Write,3154152960,4096,806
128170730360867243,wdev,3,Write,3154144768,4096,793
128170730410867217,wdev,3,Write,36417482240,4096,819
128170730460867200,wdev,3,Write,3154148864,4096,837
128170730460867242,wdev,3,Write,3154140672,4096,794
128170731724929698,wdev,3,Write,3157138944,4096,838
128170731724929731,wdev,3,Write,3154152960,4096,806
128170731724929736,wdev,3,Write,3154144768,4096,800
128170731774929664,wdev,3,Write,3221282304,4096,872
128170731824929687,wdev,3,Write,3154148864,4096,850
128170731824929745,wdev,3,Write,3154140672,4096,792
128170874310576587,wdev,3,Write,3157143040,4096,800
128170874310576629,wdev,3,Write,3154152960,4096,758
128170874310576631,wdev,3,Write,3154144768,4096,756
128170874330574873,wdev,3,Write,36417482240,4096,2514
128170874350575823,wdev,3,Write,3221261824,4096,1564
128170874350576456,wdev,3,Write,3221282304,8192,930
128170874360576561,wdev,3,Write,3154148864,4096,825
128170874360576626,wdev,3,Write,3154140672,4096,760
128170875849169414,wdev,3,Write,3154152960,4096,1723
128170875849170120,wdev,3,Write,3157147136,4096,1017
128170875849170320,wdev,3,Write,3154144768,4096,816
128170875899170276,wdev,3,Write,3221282304,4096,861
128170875949170301,wdev,3,Write,3154148864,4096,835
128170875949170345,wdev,3,Write,3154140672,4096,792
128171018311853261,wdev,3,Write,3154152960,4096,835
128171018311853262,wdev,3,Write,3154144768,4096,834
128171018311853275,wdev,3,Write,3157151232,4096,821
128171018361859658,wdev,3,Write,3221261824,4096,839
128171018362014652,wdev,3,Write,3221282304,8192,2115
128171018411866033,wdev,3,Write,3157155328,4096,864
128171018411866051,wdev,3,Write,3154148864,4096,845
128171018411866108,wdev,3,Write,3154140672,4096,789
128171018452026204,wdev,3,Write,36417482240,4096,2083
128171018461872465,wdev,3,Write,3154152960,4096,831
128171018461872503,wdev,3,Write,3154144768,4096,794
128171019869552604,wdev,3,Write,3154148864,4096,853
128171019869552697,wdev,3,Write,3154140672,4096,760
128171019919559027,wdev,3,Write,3221282304,4096,830
128171019969565457,wdev,3,Write,3157159424,4096,800
128171019969565495,wdev,3,Write,3154152960,4096,761
128171019969565501,wdev,3,Write,3154144768,4096,756
128171162310684388,wdev,3,Write,3157163520,4096,898
128171162310684473,wdev,3,Write,3154148864,4096,813
128171162310684519,wdev,3,Write,3154140672,4096,768
128171162360684487,wdev,3,Write,3221261824,4096,800
128171162365682857,wdev,3,Write,3221282304,8192,2429
128171162410684495,wdev,3,Write,3154152960,4096,791
128171162410684539,wdev,3,Write,3154144768,4096,747
128171162460684463,wdev,3,Write,36417482240,4096,824
128171162510683347,wdev,3,Write,3154148864,4096,1939
128171162510684437,wdev,3,Write,3154140672,4096,850
128171163826465081,wdev,3,Write,3157167616,4096,1456
128171163826465752,wdev,3,Write,3154152960,4096,785
128171163826465790,wdev,3,Write,3154144768,4096,747
128171163876465715,wdev,3,Write,3221282304,4096,821
128171163926465692,wdev,3,Write,3154148864,4096,845
128171163926465776,wdev,3,Write,3154140672,4096,761
128171275290993442,wdev,3,Write,10860032,61440,4344
128171275370929289,wdev,3,Read,2733420032,65536,68498
128171275371106940,wdev,3,Read,2742267392,65536,47096
128171275371116330,wdev,3,Read,2733551104,65536,37707
128171275371117319,wdev,3,Read,2732117504,57344,36717
128171275371129318,wdev,3,Read,2732371456,65536,24718
128171275371141950,wdev,3,Read,2732436992,65536,12086
128171275371259993,wdev,3,Read,2732633600,65536,50294
128171275371296364,wdev,3,Read,2732305920,65536,13922
128171306292715736,wdev,3,Write,3157171712,4096,800
128171306292715768,wdev,3,Write,3154152960,4096,768
128171306292715781,wdev,3,Write,3154144768,4096,755
128171306299433173,wdev,3,Write,36417482240,4096,2114
128171306342715654,wdev,3,Write,3221261824,4096,882
128171306359433326,wdev,3,Write,3221282304,8192,1960
128171306392715713,wdev,3,Write,3157175808,4096,824
128171306392715736,wdev,3,Write,3154140672,4096,800
128171307894746072,wdev,3,Write,3154148864,4096,1715
128171307894746957,wdev,3,Write,3154144768,4096,829
128171307944745835,wdev,3,Write,3221282304,4096,1952
128171307994745985,wdev,3,Write,3154152960,4096,1802
128171307994746958,wdev,3,Write,3154140672,4096,829
128171450320643949,wdev,3,Write,3157179904,4096,938
128171450320644025,wdev,3,Write,3154148864,4096,862
128171450320644077,wdev,3,Write,3154144768,4096,810
128171450370644058,wdev,3,Write,3221261824,4096,829
128171450394548518,wdev,3,Write,3221282304,8192,2618
128171450420644093,wdev,3,Write,3157184000,4096,793
128171450420644128,wdev,3,Write,3154152960,4096,759
128171450420644136,wdev,3,Write,3154140672,4096,751
128171450454549006,wdev,3,Write,36417482240,4096,2131
128171450470643993,wdev,3,Write,3154148864,4096,893
128171450470644131,wdev,3,Write,3154144768,4096,756
128171450570644057,wdev,3,Write,3157188096,4096,829
128171450570644082,wdev,3,Write,3154140672,4096,804
128171450570644086,wdev,3,Write,3154152960,4096,801
128171450620644053,wdev,3,Write,3221282304,4096,833
128171450670644003,wdev,3,Write,3154148864,4096,883
128171450670644081,wdev,3,Write,3154144768,4096,806
128171594287050325,wdev,3,Write,3157192192,4096,812
128171594287050332,wdev,3,Write,3154152960,4096,804
128171594287050352,wdev,3,Write,3154140672,4096,785
128171594337050337,wdev,3,Write,3221261824,4096,800
128171594355174346,wdev,3,Write,3154148864,4096,1790
128171594355175078,wdev,3,Write,3221282304,8192,1059
128171594387050227,wdev,3,Write,3157196288,4096,909
128171594387050331,wdev,3,Write,3154152960,4096,805
128171594387050378,wdev,3,Write,3154144768,4096,759
128171594437050345,wdev,3,Write,36417482240,4096,792
128171594487050273,wdev,3,Write,3154148864,4096,863
128171594487050335,wdev,3,Write,3154140672,4096,801
128171595737050344,wdev,3,Write,3154152960,4096,793
128171595737050387,wdev,3,Write,3154144768,4096,749
128171595787050280,wdev,3,Write,3221282304,4096,857
128171595837050332,wdev,3,Write,3157200384,4096,805
128171595837050333,wdev,3,Write,3154148864,4096,804
128171595837050369,wdev,3,Write,3154140672,4096,768
128171738297590897,wdev,3,Write,3157204480,4096,1140
128171738297591232,wdev,3,Write,3154152960,4096,805
128171738297591267,wdev,3,Write,3154144768,4096,769
128171738307589978,wdev,3,Write,36417482240,4096,2059
128171738347589870,wdev,3,Write,3221261824,4096,2167
128171738347590967,wdev,3,Write,3221282304,8192,1069
128171738347591214,wdev,3,Write,3154148864,4096,823
128171738347591279,wdev,3,Write,3154140672,4096,758
128171739829153708,wdev,3,Write,3154152960,4096,828
128171739829153737,wdev,3,Write,3154144768,4096,800
128171739879153687,wdev,3,Write,3221282304,4096,850
128171739929153578,wdev,3,Write,3154148864,4096,958
128171739929153663,wdev,3,Write,3154140672,4096,873
128171739929153703,wdev,3,Write,3157208576,4096,834
128171882320559899,wdev,3,Write,3157212672,4096,887
128171882320559997,wdev,3,Write,3154152960,4096,790
128171882320560032,wdev,3,Write,3154144768,4096,754
128171882366183856,wdev,3,Write,3221261824,4096,1930
128171882366184828,wdev,3,Write,3221282304,8192,959
128171882370559955,wdev,3,Write,3154148864,4096,832
128171882370560026,wdev,3,Write,3154140672,4096,760
128171882420559994,wdev,3,Write,36417482240,4096,793
128171882470559995,wdev,3,Write,3154152960,4096,792
128171882470560035,wdev,3,Write,3154144768,4096,752
128171883829153669,wdev,3,Write,3154148864,4096,867
128171883829153703,wdev,3,Write,3157216768,4096,833
128171883829153727,wdev,3,Write,3154140672,4096,810
128171883879153667,wdev,3,Write,3221282304,4096,870
128171883929153688,wdev,3,Write,3154152960,4096,848
128171883929153781,wdev,3,Write,3154144768,4096,755
128172027145147171,wdev,3,Write,3157220864,4096,3116
128172027145149374,wdev,3,Write,3154148864,4096,913
128172027145149482,wdev,3,Write,36417482240,4096,804
128172027160930744,wdev,3,Write,3154152960,4096,793
128172027160930783,wdev,3,Write,3154140672,4096,753
128172027210930736,wdev,3,Write,3221261824,4096,801
128172027235147470,wdev,3,Write,3221282304,8192,2816
128172027260930696,wdev,3,Write,3154148864,4096,840
128172027260930777,wdev,3,Write,3154144768,4096,760
128172028698899484,wdev,3,Write,3157224960,4096,802
128172028698899522,wdev,3,Write,3154152960,4096,764
128172028698899528,wdev,3,Write,3154140672,4096,759
128172028748899460,wdev,3,Write,3221282304,4096,826
128172028798899442,wdev,3,Write,3154148864,4096,844
128172028798899529,wdev,3,Write,3154144768,4096,757
128172170310774335,wdev,3,Write,3157229056,4096,952
128172170310774468,wdev,3,Write,3154152960,4096,819
128172170310774511,wdev,3,Write,3154140672,4096,776
128172170360774447,wdev,3,Write,3221261824,4096,839
128172170380304332,wdev,3,Write,3221282304,8192,2204
128172170410774473,wdev,3,Write,3154148864,4096,813
128172170410774476,wdev,3,Write,3157233152,4096,810
128172170410774516,wdev,3,Write,3154144768,4096,770
128172170460774492,wdev,3,Write,36417482240,4096,794
128172170510773488,wdev,3,Write,3154152960,4096,1799
128172170510774501,wdev,3,Write,3154140672,4096,786
128172171948899487,wdev,3,Write,3154148864,4096,800
128172171948899492,wdev,3,Write,3157237248,4096,794
128172171948899524,wdev,3,Write,3154144768,4096,763
128172171998898445,wdev,3,Write,3221282304,4096,1841
128172172048898523,wdev,3,Write,3154152960,4096,1763
128172172048899501,wdev,3,Write,3154140672,4096,786
128172314288898196,wdev,3,Write,3154148864,4096,2090
128172314288899408,wdev,3,Write,36417482240,4096,878
128172314299055739,wdev,3,Write,3157241344,4096,797
128172314299055776,wdev,3,Write,3154152960,4096,761
128172314299055782,wdev,3,Write,3154144768,4096,755
128172314349055732,wdev,3,Write,3221261824,4096,805
128172314388897427,wdev,3,Write,3221282304,8192,2859
128172314399055666,wdev,3,Write,3154148864,4096,871
128172314399055730,wdev,3,Write,3154140672,4096,807
128172315848899372,wdev,3,Write,3157245440,4096,914
128172315848899475,wdev,3,Write,3154152960,4096,812
128172315848899517,wdev,3,Write,3154144768,4096,770
128172315898899293,wdev,3,Write,3221282304,4096,994
128172315948899381,wdev,3,Write,3154148864,4096,905
128172315948899512,wdev,3,Write,3154140672,4096,774
128172379937472481,wdev,3,Read,2741218816,65536,77155
